rowname,sample01,sample02,sample03,sample04,sample05,sample06,sample07,sample08,sample09,sample10,sample11,sample12
gene001,64,152,62,100,78,10,164,369,168,173,227,304
gene002,31,84,38,34,12,27,45,34,44,11,35,29
gene003,30,21,12,19,17,6,1,3,1,13,5,2
gene004,170,63,261,45,67,192,18,56,32,21,45,25
gene005,11,6,20,6,17,2,5,10,12,3,38,14
gene006,198,172,289,250,273,368,133,360,173,307,346,263
gene007,67,70,137,63,51,88,97,106,35,114,83,99
gene008,43,8,35,94,17,94,119,117,105,87,35,47
gene009,2,3,1,16,2,2,2,11,8,5,12,0
gene010,0,0,0,0,5,0,0,0,0,4,0,0
gene011,1043,630,375,447,522,700,584,546,922,511,822,958
gene012,1,15,1,0,14,5,23,30,38,2,22,13
gene013,164,192,133,142,97,182,122,96,77,56,98,265
gene014,20,6,6,10,12,12,8,20,33,36,22,30
gene015,20,64,27,12,32,5,15,21,13,12,34,38
gene016,21,22,11,10,21,7,3,36,54,37,11,33
gene017,16,2,3,6,0,0,0,1,3,2,1,0
gene018,27,13,25,55,26,19,20,33,22,82,48,31
gene019,10,23,25,36,20,39,10,29,23,34,15,19
gene020,0,1,0,1,0,0,0,0,0,0,0,0
gene021,1,1,3,4,14,9,85,4,16,27,14,7
gene022,39,34,22,65,5,19,23,16,7,10,7,21
gene023,76,76,116,137,109,71,50,41,40,51,34,26
gene024,19,10,6,6,4,5,10,7,3,26,3,9
gene025,2,5,10,7,8,2,8,4,0,1,2,5
gene026,24,9,21,25,18,4,5,7,21,7,4,4
gene027,37,37,22,25,47,23,8,25,6,3,62,54
gene028,3,5,0,16,10,2,2,8,15,0,2,3
gene029,11,45,8,12,42,19,16,2,5,8,16,21
gene030,29,92,60,55,45,53,105,70,80,48,63,70
gene031,7,20,5,4,13,4,2,10,2,5,5,4
gene032,43,14,5,46,14,18,13,7,6,36,14,14
gene033,917,521,360,243,590,434,730,829,1001,479,495,605
gene034,3,1,7,2,7,0,1,0,3,0,11,6
gene035,16,6,16,17,23,7,3,0,7,9,6,7
gene036,0,0,1,0,6,0,2,1,4,1,2,3
gene037,39,33,39,16,35,59,103,66,101,63,33,22
gene038,15,31,40,21,24,23,9,42,32,26,56,25
gene039,5,4,0,30,10,21,2,0,0,3,1,6
gene040,4,19,12,21,24,9,25,27,15,11,20,8
gene041,148,92,98,153,70,36,141,65,130,93,143,109
gene042,0,2,0,2,0,0,0,0,0,0,0,0
gene043,5,21,1,6,0,2,0,6,9,1,1,6
gene044,174,92,143,172,118,190,199,156,219,334,271,394
gene045,21,21,20,27,25,66,7,16,8,19,25,3
gene046,74,86,26,102,58,90,123,72,91,56,49,69
gene047,0,1,3,1,2,5,2,1,0,1,1,2
gene048,7,2,7,4,0,0,1,3,0,12,4,10
gene049,6,3,8,6,0,7,1,9,4,4,0,11
gene050,0,5,0,0,1,0,0,1,4,2,3,0
gene051,19,23,20,19,62,33,51,45,29,43,82,52
gene052,0,0,0,3,0,1,2,4,4,4,0,0
gene053,15,23,10,17,28,17,48,12,21,15,7,33
gene054,3,23,5,9,16,16,2,25,19,10,28,6
gene055,10,7,2,14,0,2,4,18,10,3,5,20
gene056,1,2,2,0,0,9,7,0,0,1,10,0
gene057,135,196,302,371,253,256,101,40,131,172,170,94
gene058,34,35,16,27,54,38,19,24,5,14,17,16
gene059,3,10,9,2,18,9,3,10,11,4,19,1
gene060,90,114,118,108,124,75,38,37,39,22,40,79
gene061,10,12,21,23,14,7,31,15,10,4,30,18
gene062,0,0,0,0,0,0,0,0,0,1,0,0
gene063,60,193,177,196,204,150,358,840,698,298,335,372
gene064,6,0,5,0,4,25,10,3,1,5,4,2
gene065,3,0,7,1,1,6,1,0,4,0,8,2
gene066,28,13,41,33,42,22,10,15,14,21,24,16
gene067,48,29,51,46,46,36,12,27,14,32,28,29
gene068,0,13,7,17,1,4,5,6,10,15,12,14
gene069,22,18,14,11,54,18,44,97,62,23,44,17
gene070,11,6,9,0,10,16,12,22,11,0,12,17
gene071,25,42,42,29,27,18,5,12,13,7,25,26
gene072,4,13,7,31,0,4,12,33,44,49,1,7
gene073,2,27,0,2,2,0,1,1,2,2,0,1
gene074,226,199,549,331,174,334,327,205,293,394,296,272
gene075,28,20,26,30,29,47,16,8,13,26,19,8
gene076,0,7,1,5,7,0,0,8,2,4,11,1
gene077,9,0,3,0,3,1,2,3,0,0,2,2
gene078,39,36,47,34,25,53,278,154,113,119,71,129
gene079,0,1,0,0,1,0,0,0,15,0,0,0
gene080,7,9,9,2,3,7,17,15,22,17,11,12
gene081,0,8,2,23,3,1,0,1,12,13,3,4
gene082,21,32,41,81,27,26,16,31,8,22,12,10
gene083,114,117,94,49,20,81,92,35,53,33,61,62
gene084,5,5,4,5,21,4,8,34,11,10,25,19
gene085,1,8,18,4,30,16,123,43,78,47,25,24
gene086,15,10,21,32,13,7,22,30,15,8,16,4
gene087,5,2,0,10,3,1,2,0,0,0,0,0
gene088,2,4,5,7,1,1,0,1,1,1,0,1
gene089,4,1,12,1,2,28,10,13,10,6,3,4
gene090,18,16,31,10,26,16,77,47,26,21,54,44
gene091,209,326,181,362,187,216,137,114,201,95,81,176
gene092,1,6,0,0,1,6,4,1,5,0,6,0
gene093,0,10,11,7,12,4,7,27,22,6,13,5
gene094,1,0,6,17,1,3,13,8,5,2,16,2
gene095,22,50,15,73,38,34,256,124,203,321,128,289
gene096,1,0,5,5,4,2,1,0,2,1,5,1
gene097,9,46,24,52,40,53,146,102,124,107,53,113
gene098,0,3,0,3,0,1,0,1,1,9,0,0
gene099,27,26,26,35,13,26,8,6,19,48,21,9
gene100,2,15,4,6,1,1,1,19,4,8,16,1
gene101,11,7,7,11,5,15,4,10,14,6,5,20
gene102,21,0,10,16,16,2,1,20,17,41,10,13
gene103,113,99,152,106,100,186,221,192,104,170,186,288
gene104,35,43,38,19,71,22,25,16,48,28,27,71
gene105,30,74,42,56,41,29,104,73,150,130,124,102
gene106,2,0,0,4,0,1,0,2,1,1,0,1
gene107,27,10,13,31,23,26,49,52,6,6,11,10
gene108,16,8,14,21,8,14,2,6,4,3,13,13
gene109,25,34,28,10,18,9,26,24,20,27,30,29
gene110,95,175,204,146,215,121,187,163,121,211,211,217
gene111,17,5,33,13,21,13,13,4,3,9,3,7
gene112,0,4,19,1,6,1,0,6,6,10,11,6
gene113,0,1,0,7,1,7,9,7,11,5,3,1
gene114,10,6,11,16,3,14,15,16,8,26,56,19
gene115,202,123,114,113,149,110,68,159,124,118,260,128
gene116,233,360,352,447,322,504,122,253,313,220,151,171
gene117,27,39,40,26,15,45,17,4,9,10,17,3
gene118,18,13,14,8,12,3,6,1,17,4,20,8
gene119,0,0,1,0,0,0,0,0,0,0,8,0
gene120,16,8,13,5,1,1,14,2,2,3,1,8
gene121,3,0,0,2,4,0,1,1,2,0,4,7
gene122,19,26,30,26,34,54,11,5,15,35,8,5
gene123,7,5,11,7,2,1,24,9,7,52,7,10
gene124,2,5,4,4,16,24,13,18,4,19,10,4
gene125,63,77,144,120,102,84,115,106,128,157,60,103
gene126,17,9,4,13,6,9,14,31,12,32,8,11
gene127,13,1,4,2,17,5,9,2,0,8,3,1
gene128,7,1,5,16,4,8,0,9,21,14,7,45
gene129,4,6,7,11,3,2,1,12,25,18,9,35
gene130,10,71,6,32,29,8,28,81,78,15,25,49
gene131,1,6,0,1,15,9,9,18,2,27,0,1
gene132,9,8,27,9,19,12,41,52,16,16,20,19
gene133,16,29,27,18,10,17,32,32,37,41,50,61
gene134,5,3,30,14,5,7,13,4,4,2,1,1
gene135,11,10,6,17,3,0,5,2,7,3,2,6
gene136,31,3,7,32,18,14,22,6,13,16,12,8
gene137,18,0,12,3,0,1,10,14,5,0,0,19
gene138,28,15,19,42,18,12,9,5,7,2,27,8
gene139,19,15,5,20,28,13,8,13,20,53,16,67
gene140,3,18,4,16,7,2,20,7,14,14,84,25
gene141,6,20,16,3,12,15,40,27,49,17,6,46
gene142,10,10,1,28,14,20,14,47,17,79,60,29
gene143,23,11,10,12,7,6,8,0,2,5,4,4
gene144,7,8,4,15,7,10,3,6,14,13,7,0
gene145,50,19,28,63,6,27,177,138,130,160,98,278
gene146,1,9,24,6,8,7,22,21,29,5,13,18
gene147,4,0,6,1,1,3,0,0,0,0,0,0
gene148,257,300,485,415,282,279,135,120,240,116,140,171
gene149,9,19,14,20,16,8,1,6,8,4,10,2
gene150,13,11,34,4,16,11,46,73,44,47,27,27
gene151,63,23,10,10,21,8,23,50,49,14,24,10
gene152,16,15,5,5,34,3,11,18,5,13,20,15
gene153,11,25,13,7,8,17,6,41,24,6,16,23
gene154,28,26,23,23,49,47,21,14,22,67,25,12
gene155,0,0,0,0,1,0,0,0,1,0,0,4
gene156,27,22,7,16,21,17,41,50,22,100,28,20
gene157,5,4,7,7,6,8,4,5,9,5,9,9
gene158,10,1,5,24,6,1,20,15,30,1,5,2
gene159,19,14,24,7,14,15,5,19,38,8,12,17
gene160,12,34,16,27,15,6,55,36,63,37,15,68
gene161,32,29,46,39,35,40,33,24,33,81,33,29
gene162,56,27,38,12,26,17,58,69,27,25,13,12
gene163,17,31,17,8,13,5,35,9,8,64,26,9
gene164,2,0,0,0,0,1,1,0,0,0,1,2
gene165,7,1,10,7,6,18,11,2,7,6,6,14
gene166,9,10,12,31,17,13,112,50,20,63,50,31
gene167,40,36,21,13,16,8,52,35,89,19,34,68
gene168,25,6,22,9,26,14,81,28,20,16,22,19
gene169,63,27,38,61,27,40,19,22,44,45,37,43
gene170,1,0,6,0,0,2,0,2,1,0,0,0
gene171,32,29,17,14,41,18,8,32,27,15,17,8
gene172,22,22,35,15,15,12,50,18,19,40,17,42
gene173,11,8,12,9,6,12,3,12,9,2,6,6
gene174,27,13,14,12,21,9,9,6,9,26,9,16
gene175,140,179,258,77,229,203,109,149,96,100,145,125
gene176,7,8,1,5,2,6,1,1,0,1,0,0
gene177,9,17,18,12,10,10,8,18,81,21,16,31
gene178,89,44,48,46,40,46,90,51,85,65,152,75
gene179,34,3,1,16,2,24,11,4,23,18,15,23
gene180,8,20,9,6,0,25,8,3,0,3,8,5
gene181,12,17,24,19,20,31,5,9,3,2,2,8
gene182,0,2,0,0,4,0,0,4,11,0,1,0
gene183,4,14,7,10,19,3,33,16,4,8,17,37
gene184,33,45,41,65,61,67,53,33,44,23,6,33
gene185,24,37,58,33,21,49,9,35,39,32,35,21
gene186,3,10,0,1,15,2,0,0,2,2,0,0
gene187,31,15,20,13,15,20,14,23,10,29,8,15
gene188,0,7,13,29,12,19,12,25,33,15,22,54
gene189,27,21,7,35,17,25,22,28,26,4,25,18
gene190,11,74,49,60,55,22,67,55,81,35,155,100
gene191,14,44,23,14,33,15,3,14,9,11,27,15
gene192,4,0,0,4,1,2,7,0,0,0,0,0
gene193,0,0,6,2,3,6,1,0,2,0,1,2
gene194,8,0,5,0,4,13,0,3,2,2,1,2
gene195,0,0,0,15,4,0,9,0,0,2,0,10
gene196,3,0,16,5,5,2,18,13,2,1,13,1
gene197,52,83,93,54,71,44,68,36,37,43,80,54
gene198,3,20,20,7,13,20,2,0,2,0,6,0
gene199,2,6,2,0,0,4,1,1,0,0,0,8
gene200,0,3,0,6,3,8,0,0,2,0,1,0
gene201,78,47,59,59,54,29,59,30,22,49,20,37
gene202,123,142,120,145,21,99,155,91,96,227,131,104
gene203,22,2,15,7,4,7,14,1,1,1,0,4
gene204,110,96,115,114,50,149,203,311,97,188,125,196
gene205,53,29,30,36,42,53,32,14,39,48,44,7
gene206,212,290,366,431,349,165,189,146,166,198,125,192
gene207,7,3,4,1,4,12,0,4,1,6,1,1
gene208,14,17,27,26,28,28,23,9,8,4,7,11
gene209,71,88,33,46,63,67,18,29,38,32,42,33
gene210,9,10,1,28,3,1,20,6,11,30,19,54
gene211,9,6,3,4,32,19,3,37,30,10,14,20
gene212,8,5,10,1,13,13,3,5,20,12,3,9
gene213,7,8,13,1,7,16,18,3,5,10,3,9
gene214,69,97,56,67,56,24,51,163,107,80,110,243
gene215,5,15,4,22,52,4,62,76,62,69,166,93
gene216,3,3,15,1,7,8,10,27,15,16,1,15
gene217,66,68,139,122,28,30,393,240,88,289,401,98
gene218,31,43,49,81,29,60,64,13,63,55,18,32
gene219,0,6,1,0,4,0,0,0,0,0,1,0
gene220,0,10,9,5,4,2,3,11,1,2,1,8
gene221,0,8,2,4,9,3,3,6,1,4,0,4
gene222,42,156,42,41,92,60,22,69,50,59,29,41
gene223,46,19,63,38,28,50,5,30,22,18,13,20
gene224,19,4,6,18,10,5,7,7,2,9,9,7
gene225,11,1,2,13,8,6,19,2,15,17,13,22
gene226,0,1,5,9,0,5,4,1,4,2,1,4
gene227,146,84,55,172,113,182,118,141,77,278,204,156
gene228,11,0,7,4,2,18,58,15,14,14,8,6
gene229,4,0,0,7,1,0,1,1,2,3,0,0
gene230,0,0,2,0,0,1,0,0,1,0,1,0
gene231,44,56,31,34,36,12,15,27,13,20,11,3
gene232,15,9,6,19,12,6,13,4,11,10,4,5
gene233,69,124,50,54,57,36,108,61,114,50,53,56
gene234,3,0,0,0,0,0,0,1,1,2,1,2
gene235,15,9,3,14,12,10,22,51,19,61,20,50
gene236,43,22,20,16,4,15,2,5,5,9,1,14
gene237,80,34,33,72,30,64,39,36,87,37,63,86
gene238,22,8,15,45,33,48,70,69,28,46,31,34
gene239,3,5,2,0,2,4,2,8,6,1,16,4
gene240,3,0,0,0,3,3,1,4,0,3,2,1
gene241,0,4,1,0,4,4,7,2,3,4,0,18
gene242,6,2,7,2,2,6,19,0,1,14,17,0
gene243,4,2,12,3,8,37,31,27,9,48,20,21
gene244,119,222,136,84,237,144,104,122,176,51,255,84
gene245,28,26,24,5,22,9,8,12,9,5,12,11
gene246,4,0,22,23,15,6,59,13,15,17,15,8
gene247,2,5,2,1,1,10,1,1,1,1,0,0
gene248,94,60,62,92,95,111,153,220,199,222,327,282
gene249,13,7,6,34,21,5,25,18,17,7,14,5
gene250,47,27,55,48,73,41,128,143,67,120,64,75
gene251,23,15,53,17,30,37,21,24,31,20,34,10
gene252,1,3,1,4,1,6,4,0,7,32,11,11
gene253,5,0,7,11,2,33,9,4,2,1,0,6
gene254,2,9,6,7,10,14,12,6,7,8,12,5
gene255,2,8,8,32,3,2,0,1,6,3,6,9
gene256,28,66,62,26,48,47,27,76,3,34,21,38
gene257,4,0,17,1,2,2,4,11,71,3,3,2
gene258,8,1,1,13,11,11,2,11,6,1,16,2
gene259,2,5,8,4,12,25,5,6,6,3,1,1
gene260,39,23,10,11,18,12,15,28,41,14,34,13
gene261,19,24,17,13,27,49,29,48,191,19,19,54
gene262,28,13,17,31,39,39,20,14,6,29,5,20
gene263,46,44,34,61,170,88,71,48,59,38,41,34
gene264,18,3,25,31,26,12,35,73,25,12,32,68
gene265,0,2,7,9,4,0,2,17,14,28,9,8
gene266,6,2,1,11,1,2,2,0,3,0,1,0
gene267,30,23,25,11,30,43,40,70,30,64,32,33
gene268,0,0,8,0,5,1,0,2,6,5,4,2
gene269,173,274,148,162,221,291,87,92,228,66,90,132
gene270,10,17,21,7,7,22,7,5,2,3,1,4
gene271,28,65,36,35,37,18,14,31,26,45,25,6
gene272,14,46,22,2,12,31,2,4,12,9,3,6
gene273,8,44,26,18,1,44,6,6,17,9,4,6
gene274,22,24,47,49,29,6,12,14,21,11,10,10
gene275,86,28,88,118,45,93,52,72,78,112,80,42
gene276,11,18,17,31,32,16,16,17,12,18,17,25
gene277,74,33,45,86,38,25,153,101,119,128,166,123
gene278,79,153,36,126,121,82,63,122,100,101,121,52
gene279,6,8,15,15,6,24,7,0,17,3,21,5
gene280,19,5,24,22,26,10,6,6,14,22,21,7
gene281,0,0,0,0,0,2,0,0,0,0,0,0
gene282,0,0,0,0,0,0,0,0,0,0,0,0
gene283,1,17,11,10,3,9,21,16,11,30,24,22
gene284,51,43,27,60,40,57,66,75,45,64,40,43
gene285,182,212,152,184,120,185,37,78,40,73,51,117
gene286,26,39,13,15,15,26,24,19,64,83,38,29
gene287,12,19,11,21,29,10,26,20,6,10,29,13
gene288,8,13,18,43,11,4,9,20,3,8,6,12
gene289,147,127,106,87,183,77,147,124,169,150,69,114
gene290,4,10,1,13,4,7,6,6,2,5,8,0
gene291,228,149,127,115,201,256,73,106,56,30,72,110
gene292,26,19,23,35,20,31,75,29,45,107,51,20
gene293,0,0,1,0,8,0,0,0,1,0,0,0
gene294,23,19,0,5,20,3,17,17,1,5,2,6
gene295,0,0,0,3,0,0,0,5,0,21,5,1
gene296,48,18,20,48,22,22,42,31,6,53,42,60
gene297,9,13,11,10,12,16,12,7,19,17,18,3
gene298,29,38,32,42,56,33,69,113,135,57,167,76
gene299,80,66,42,72,81,64,97,94,151,84,112,406
gene300,66,58,152,116,105,49,45,32,75,47,24,62
gene301,31,60,16,20,23,22,64,101,73,35,22,45
gene302,0,0,3,0,0,0,0,0,4,1,0,0
gene303,14,6,29,30,17,26,16,12,33,8,21,10
gene304,46,23,39,40,12,44,23,16,5,22,18,15
gene305,23,26,6,17,30,20,12,5,4,3,13,3
gene306,19,10,10,1,6,1,2,10,2,9,1,5
gene307,138,89,126,64,91,68,87,42,50,68,75,73
gene308,23,15,6,15,8,9,36,16,28,22,20,22
gene309,19,34,53,11,16,23,18,18,17,20,4,25
gene310,0,6,11,0,8,12,5,17,1,0,10,1
gene311,0,2,4,3,7,3,0,2,1,1,1,7
gene312,9,8,4,11,7,2,2,2,8,5,18,5
gene313,12,10,48,13,40,17,41,16,24,9,6,30
gene314,9,18,34,17,7,35,92,46,12,12,73,17
gene315,22,43,36,25,38,7,12,13,16,5,23,7
gene316,1,1,7,5,13,1,12,14,0,24,9,3
gene317,102,75,38,64,32,42,16,31,8,18,10,30
gene318,9,11,7,18,2,5,5,5,0,1,3,8
gene319,44,40,34,15,41,12,30,19,18,33,3,25
gene320,39,50,53,44,33,46,91,76,59,80,103,125
gene321,87,77,103,65,85,55,144,317,137,121,128,209
gene322,14,13,25,16,17,18,3,26,9,5,2,21
gene323,61,102,87,54,93,59,406,196,541,468,202,186
gene324,13,38,24,20,12,10,4,31,17,14,15,21
gene325,1,1,15,0,3,16,0,0,0,2,3,0
gene326,0,1,0,1,0,0,0,0,4,0,0,0
gene327,48,53,48,62,86,26,54,23,12,29,17,31
gene328,25,69,9,43,25,23,57,27,53,70,29,138
gene329,20,4,22,2,19,21,3,3,1,2,9,12
gene330,49,27,48,37,74,30,16,19,29,44,26,25
gene331,0,0,0,1,0,2,1,2,2,1,8,0
gene332,14,18,16,22,3,8,17,11,3,0,11,29
gene333,115,193,290,215,213,142,512,260,290,346,384,321
gene334,11,23,14,16,31,5,48,85,175,284,163,58
gene335,8,11,2,16,4,7,10,11,7,19,0,6
gene336,2,19,5,3,6,22,25,46,23,62,17,39
gene337,75,55,44,34,95,58,82,51,60,82,20,23
gene338,57,222,88,147,110,162,165,222,435,244,280,269
gene339,16,23,36,12,34,46,28,19,15,8,10,14
gene340,5,3,18,6,1,6,3,2,0,0,2,0
gene341,72,22,4,22,43,20,14,11,15,25,5,8
gene342,30,58,40,32,30,49,22,32,24,17,28,12
gene343,62,48,36,51,28,25,29,48,50,77,113,10
gene344,24,4,7,4,12,8,7,53,14,17,6,2
gene345,45,62,82,39,50,48,40,43,79,79,125,85
gene346,3,15,4,10,6,36,22,21,29,19,12,14
gene347,0,0,1,0,1,0,0,0,1,0,5,0
gene348,8,5,15,9,9,5,7,5,8,12,5,13
gene349,7,18,27,7,12,11,25,30,32,9,12,38
gene350,3,15,4,8,1,4,3,2,0,1,2,1
gene351,3,0,10,8,1,3,2,7,5,9,7,10
gene352,88,55,44,47,19,25,4,5,8,6,11,2
gene353,381,441,432,416,235,322,367,365,404,100,559,284
gene354,6,5,9,2,5,16,3,1,4,0,3,1
gene355,18,14,56,36,16,19,107,58,47,47,32,77
gene356,7,2,8,12,18,2,7,4,11,24,2,1
gene357,18,8,6,10,18,16,25,10,12,26,0,13
gene358,8,15,8,28,4,14,21,39,43,54,19,16
gene359,4,2,6,1,6,3,0,2,0,2,0,4
gene360,283,165,39,76,106,168,78,31,57,12,84,65
gene361,27,16,3,15,25,33,55,27,15,22,51,28
gene362,54,13,12,54,25,27,35,14,15,28,33,8
gene363,102,112,113,91,75,86,236,162,219,180,222,140
gene364,8,16,24,24,27,53,25,78,72,115,132,83
gene365,25,69,137,107,73,73,41,49,19,42,15,54
gene366,59,105,76,72,43,63,177,194,134,95,185,103
gene367,10,45,15,12,22,14,62,43,29,25,30,19
gene368,8,8,17,14,17,4,1,6,0,1,7,17
gene369,6,4,6,15,11,10,0,2,4,6,4,1
gene370,58,64,60,88,100,74,72,141,135,137,52,180
gene371,3,0,3,4,4,6,3,1,0,1,3,3
gene372,22,16,4,6,5,12,11,24,3,12,5,23
gene373,29,5,31,5,34,12,7,41,6,5,5,5
gene374,16,3,6,8,10,3,48,33,18,14,13,35
gene375,16,6,14,14,14,15,1,2,3,4,3,2
gene376,34,9,22,75,3,55,5,16,8,10,9,10
gene377,62,64,45,73,65,83,16,30,19,59,10,28
gene378,17,75,21,26,7,57,92,97,49,142,116,131
gene379,2,12,4,3,5,10,41,2,11,5,6,30
gene380,1,1,1,1,9,12,3,24,4,0,13,19
gene381,118,70,40,102,64,107,100,114,181,111,108,98
gene382,6,1,0,2,13,1,0,0,2,3,9,2
gene383,2,0,12,5,4,6,2,15,8,5,5,7
gene384,2,6,8,3,6,1,15,24,8,26,12,14
gene385,15,2,20,5,11,16,4,2,2,2,3,3
gene386,38,28,26,45,14,21,34,21,31,16,19,18
gene387,17,76,27,92,65,65,31,29,16,33,72,27
gene388,4,5,6,18,2,4,35,72,35,1,36,4
gene389,1,12,13,14,13,25,14,19,8,12,16,2
gene390,4,44,48,18,14,32,55,28,88,25,40,34
gene391,225,524,496,371,602,392,1097,1685,884,1277,1579,2189
gene392,319,572,436,455,322,294,370,541,204,400,404,315
gene393,43,23,22,16,12,16,64,57,10,34,60,55
gene394,118,46,39,31,19,36,88,106,160,105,67,176
gene395,187,137,147,152,83,138,293,257,283,212,251,252
gene396,83,84,59,65,43,60,92,86,177,108,153,98
gene397,0,1,0,0,0,0,0,0,0,1,0,0
gene398,39,17,19,9,3,21,13,36,8,15,13,45
gene399,23,16,16,20,54,8,109,64,33,46,40,21
gene400,6,0,2,0,0,1,2,1,0,1,2,1
gene401,80,53,44,65,76,64,86,196,134,85,74,81
gene402,22,55,17,6,20,5,1,26,16,25,7,11
gene403,20,18,26,7,40,14,73,58,105,81,88,73
gene404,18,2,50,17,11,15,7,35,16,65,57,22
gene405,141,51,95,49,71,113,34,37,45,55,19,34
gene406,29,56,29,58,37,58,35,76,57,68,48,38
gene407,2,5,3,12,2,6,8,3,1,2,0,15
gene408,130,221,72,171,179,120,99,117,51,63,119,97
gene409,0,0,0,2,0,0,0,0,6,1,0,2
gene410,12,14,13,21,28,15,10,23,6,21,10,14
gene411,78,83,33,94,112,53,41,36,16,53,55,49
gene412,122,217,231,178,264,297,109,89,109,119,99,45
gene413,8,0,4,11,0,3,3,2,0,0,0,2
gene414,3,0,14,9,12,12,5,3,24,2,15,18
gene415,24,14,13,29,9,31,31,24,53,58,94,35
gene416,3,6,17,14,15,26,8,19,8,2,22,4
gene417,38,17,56,25,41,51,16,30,14,28,12,12
gene418,38,23,23,38,73,64,27,17,23,35,5,30
gene419,41,44,62,49,57,50,9,11,2,4,3,8
gene420,1,0,0,0,2,1,0,0,2,0,0,0
gene421,0,0,0,0,0,1,2,2,0,0,6,1
gene422,179,127,164,137,112,72,222,231,453,98,580,384
gene423,3,0,0,0,0,0,0,0,2,0,0,1
gene424,0,0,2,1,0,1,0,1,0,0,1,1
gene425,5,2,27,1,13,3,6,3,1,1,9,0
gene426,188,151,201,135,111,210,198,82,177,124,152,211
gene427,47,88,96,78,106,62,8,9,9,9,10,18
gene428,13,8,4,13,38,7,11,5,7,7,1,1
gene429,33,19,26,10,8,5,28,15,12,17,7,5
gene430,2,0,0,0,2,4,0,2,0,2,5,2
gene431,4,1,0,9,5,13,1,2,3,3,12,6
gene432,5,1,5,0,0,0,0,0,0,15,1,0
gene433,10,13,16,0,3,9,17,0,4,4,16,27
gene434,2,14,14,12,5,22,0,22,2,4,11,8
gene435,4,2,1,7,7,0,3,2,0,2,2,0
gene436,2,3,7,4,4,0,7,3,0,2,0,1
gene437,6,15,7,5,1,7,0,8,7,2,2,10
gene438,14,10,0,9,15,0,1,5,2,9,2,3
gene439,23,34,11,27,26,14,6,8,3,5,14,6
gene440,0,2,0,2,13,10,1,1,7,9,17,51
gene441,20,59,37,38,55,56,12,13,27,17,12,15
gene442,12,7,8,2,5,29,24,12,1,40,18,15
gene443,4,2,3,9,0,0,19,0,3,0,11,0
gene444,55,28,54,48,54,29,113,45,132,96,91,106
gene445,41,51,28,39,46,43,55,53,52,72,48,65
gene446,8,17,1,19,26,4,32,16,13,25,6,14
gene447,6,1,10,2,2,6,22,22,3,15,25,2
gene448,2,1,8,2,0,4,27,13,4,84,25,19
gene449,39,37,19,44,6,41,134,93,52,124,72,91
gene450,551,840,246,445,456,327,310,284,458,366,305,395
gene451,445,602,404,428,627,231,876,736,358,697,693,464
gene452,69,143,68,41,94,54,84,95,88,41,160,134
gene453,452,314,541,566,306,664,265,305,417,422,297,441
gene454,5,5,16,19,22,7,35,22,22,17,30,43
gene455,2,0,1,0,0,0,0,0,0,1,0,1
gene456,72,13,24,43,29,74,12,26,7,9,6,1
gene457,6,10,6,10,6,7,5,3,7,21,6,9
gene458,27,18,36,18,13,13,5,13,12,5,4,36
gene459,5,31,15,9,28,18,27,2,31,2,3,49
gene460,100,79,46,96,26,87,51,207,261,175,232,168
gene461,7,25,26,25,12,22,12,13,17,9,13,15
gene462,28,22,57,26,23,37,77,50,15,31,36,31
gene463,148,289,261,137,118,176,129,130,97,126,230,121
gene464,20,0,3,7,6,3,4,6,1,41,0,36
gene465,0,1,4,3,4,6,3,0,2,0,0,0
gene466,16,7,12,17,5,1,1,13,3,3,3,10
gene467,85,61,86,49,51,40,55,52,29,67,39,39
gene468,90,39,104,63,41,69,28,67,44,25,48,14
gene469,184,123,167,183,134,182,76,98,108,124,89,129
gene470,29,35,37,44,70,43,9,11,16,5,49,15
gene471,14,5,8,10,7,10,7,6,2,5,8,16
gene472,177,99,166,141,129,284,225,133,179,122,103,174
gene473,10,18,44,34,5,26,1,3,5,3,2,6
gene474,54,49,40,42,97,18,37,115,30,109,94,75
gene475,49,55,72,64,182,141,50,69,68,58,62,42
gene476,0,9,0,6,3,1,0,5,12,5,3,1
gene477,3,1,6,1,1,8,1,1,1,3,3,4
gene478,15,0,21,11,6,1,2,1,3,1,2,1
gene479,15,10,69,26,34,18,17,16,35,13,15,25
gene480,36,94,22,52,37,59,33,33,17,33,36,84
gene481,2,4,0,33,1,14,2,1,2,4,2,14
gene482,0,0,2,0,3,8,0,21,4,13,11,2
gene483,16,57,41,21,72,55,21,34,32,18,10,11
gene484,5,18,13,10,10,25,22,20,10,2,3,13
gene485,101,114,206,49,102,140,140,168,180,128,165,87
gene486,33,45,56,17,23,22,36,36,55,76,98,56
gene487,2,1,2,0,5,3,2,0,2,6,3,2
gene488,64,39,58,86,76,38,70,100,49,26,29,77
gene489,47,29,115,43,66,141,154,276,288,206,191,385
gene490,27,2,0,1,0,8,5,3,7,1,3,0
gene491,28,12,8,6,16,14,10,87,79,42,30,35
gene492,1,1,1,15,5,4,2,3,6,4,0,0
gene493,3,4,8,19,0,3,9,2,13,4,14,4
gene494,47,48,55,57,63,33,167,142,156,157,319,174
gene495,3,0,9,1,10,9,18,60,3,28,26,16
gene496,4,1,3,13,5,4,20,4,10,0,51,29
gene497,32,107,70,187,70,27,27,12,11,13,15,24
gene498,18,21,25,22,35,34,13,10,12,8,2,19
gene499,17,65,45,22,30,38,10,35,20,12,2,35
gene500,7,6,9,9,0,5,10,66,46,3,11,6
