rowname,baseMean,log2FoldChange,lfcSE,stat,pvalue,padj
gene001,148.403785000558,1.35264210025029,0.347548502865268,3.89050465658048,0.000100035957129943,0.00127481719727133
gene002,33.9922605968005,-0.212963999241099,0.369233704923516,-0.576721782829142,0.564127415000645,0.724473708670078
gene003,10.6049816556073,-1.55404632080725,0.468131217969108,-3.29249493232133,0.000993026874289487,0.0077114743206543
gene004,81.1776844552012,-1.80260836472936,0.364371380404105,-4.94021279555838,7.80373590203037e-07,2.77032624522078e-05
gene005,11.5576114936184,0.263835331715528,0.469602961471577,0.561727124220556,0.574301950918123,0.733748250915957
gene006,252.416781379392,-0.0328930062088621,0.268280845951333,-0.122607212058288,0.902418143141209,0.94025538184734
gene007,81.0997477420385,0.0980419669499637,0.296189150242032,0.331008061574491,0.74063839623643,0.848340925650895
gene008,64.0899722089015,0.604811295938241,0.394405115923992,1.53335619294003,0.125188116158424,0.263637685299732
gene009,5.12109828068136,0.286427233010566,0.521896745620791,0.548773042664437,0.583161212338332,0.741256067857164
gene010,0.727768447706653,-0.0526630529050865,0.375980677351025,-0.140476361716934,0.888283627901405,0.937318392923564
gene011,649.673247262987,0.148680027826089,0.262745048833422,0.565872963685134,0.571480141810556,0.732024820824346
gene012,12.9500197211149,1.20189297885593,0.494937094421941,2.42514332462715,0.015302344153766,0.0559210665031007
gene013,131.322723940938,-0.370722147861982,0.308355718090911,-1.20223865893562,0.229271075246765,0.404069944672489
gene014,17.2338763714152,0.924732839537774,0.395786114285787,2.33222297253276,0.0196889642603475,0.0675584684459537
gene015,23.5116421273216,-0.250219612476814,0.414277087456015,-0.60392834887291,0.545891280190988,0.710230278154243
gene016,21.2213734781943,0.689136799537631,0.424095872301823,1.62383070216249,0.104411945562664,0.229613880286036
gene017,2.78559605304072,-0.869205280207987,0.529516183608486,-1.65692179614812,0.0975352870727743,0.218356025563824
gene018,32.2492707390537,0.393787956034917,0.370686696481673,1.06218385055035,0.288152229805134,0.480576034272321
gene019,22.8308464572278,-0.259402853759211,0.366832185550145,-0.707100557636909,0.479503989466395,0.673314348819357
gene020,0.16250312318213,-0.107022493336316,0.325762637752005,-0.328529060529617,0.742511675368489,0.848340925650895
gene021,14.6487417325788,1.49754448993426,0.491220930071156,3.04211954376161,0.00234918577898548,0.0149685298994331
gene022,21.736372805225,-0.968924819320299,0.417257172337224,-2.31926849587767,0.0203804825238166,0.0679805356666904
gene023,67.0125728405616,-1.24348799035276,0.268629742388399,-4.62458292532604,3.7535289826337e-06,0.000100233942984746
gene024,8.70238438097469,0.11185560804154,0.472999728379248,0.236500416034449,0.813044384486346,0.893989068782553
gene025,4.33886464203759,-0.511941378628552,0.515486110730739,-0.991862736813656,0.321264488727561,0.523503117697043
gene026,12.0501427333845,-0.878856028740672,0.445307195383734,-1.96974230504916,0.0488679118520727,0.131996479296088
gene027,28.2291341579354,-0.253726362088639,0.437914321745352,-0.579424413669299,0.562302834906604,0.724001318519643
gene028,5.29813676150793,-0.194488647609394,0.525821690724602,-0.369811955244543,0.711522606787648,0.837149215314132
gene029,16.6007743326773,-0.819953277410069,0.443591457226614,-1.84684525821772,0.0647695704125473,0.159139646665209
gene030,61.5834809381915,0.300456782678017,0.284677425918056,1.05533579337308,0.291271776470556,0.482665987958894
gene031,6.51660300859342,-0.693735766000543,0.482562125828509,-1.43444311149862,0.151445852375385,0.301535321574285
gene032,18.7231300539676,-0.550924777229613,0.436648414574447,-1.26148657632478,0.207133593365456,0.378475720230263
gene033,577.290577870209,0.336115255009509,0.277060443605523,1.2131411230264,0.225075869817011,0.399509668925195
gene034,3.30506851318228,0.01745525760183,0.532370967801306,0.0327930455614182,0.973839624069761,0.987751618699329
gene035,9.52100727391755,-1.09475208443418,0.45984642725665,-2.3715911930591,0.017711675333846,0.0628764474351534
gene036,1.59619512733318,0.321550500303901,0.518327258563857,0.621701997134637,0.534137838173115,0.706837815051253
gene037,48.611272285931,0.647466018083598,0.348403540601099,1.85782772479385,0.0631934826451638,0.156254531714659
gene038,27.5678497400749,0.215768775192462,0.360517345343769,0.598436021630191,0.549549036416451,0.71126528932025
gene039,6.77423665993141,-1.46580775480662,0.525218568008719,-2.79254640637606,0.005229496584219,0.0262531293167358
gene040,15.5759771040755,0.156398059265241,0.404373624550876,0.386688755183341,0.6989866418754,0.834993615889345
gene041,102.730126963581,0.12029047357882,0.30355252597846,0.396273982716077,0.691902918362324,0.832628935656356
gene042,0.32500624636426,-0.207554781812345,0.325762637752005,-0.616661136756828,0.537458260114004,0.706837815051253
gene043,4.64817001046798,-0.355894404460058,0.530594621263857,-0.670900257896215,0.502284072059646,0.691510204469928
gene044,197.885307160702,0.711346936992103,0.266252323980512,2.67148904579957,0.00755155372046819,0.0357440209435494
gene045,21.0804940603615,-1.0472284697746,0.409142113533686,-2.55564851112913,0.0105990121453837,0.0435347854236009
gene046,72.0848062500931,0.00539033648665819,0.307407207233729,0.0175349438014581,0.986009856004793,0.991997770110085
gene047,1.54422654284463,-0.360231650231648,0.527248503239108,-0.683986668945166,0.493983583873016,0.685549042016231
gene048,4.0237889834669,0.285782554503486,0.531476628486446,0.537985404297793,0.590587125209971,0.748780105176927
gene049,4.75303913576305,-0.0704614705273267,0.520994746165938,-0.13525430190904,0.892410814777648,0.938417547766601
gene050,1.27107305760024,0.21088029207338,0.489219673722778,0.432173652976181,0.665615206843836,0.810810680885751
gene051,38.3232986457282,0.636591725082405,0.339702417942743,1.87325672370262,0.0610329427589994,0.153198851268802
gene052,1.42469538491409,0.544463462651274,0.501317424675429,1.10452942050985,0.269363548540101,0.455352665389218
gene053,19.7342205117316,0.202926690694846,0.39666894730074,0.511529668001344,0.608980219566061,0.760499318702464
gene054,12.9769421509798,0.195643164329984,0.459274747396803,0.425925834659437,0.670161889190621,0.812954371444333
gene055,7.59439210135117,0.472687319057708,0.501879272212723,0.941467821152974,0.346465172139448,0.546645049375573
gene056,2.59603277038854,0.112448444967202,0.519670132711365,0.216696783173767,0.828444655099185,0.898989068961343
gene057,180.284925326322,-1.04787448300452,0.301727810587924,-3.47232405760726,0.000515973097411018,0.00483846470591086
gene058,24.2705501539347,-1.01508954306785,0.360488352720028,-2.81144094153386,0.00493201441281047,0.0255334496163209
gene059,7.95384007895336,-0.101440066896735,0.488322493460299,-0.207715060158461,0.835451457839996,0.901723957798693
gene060,71.6729131116458,-1.25312426605425,0.28319234376644,-4.4212154183582,9.81472651983254e-06,0.000203246628348199
gene061,15.6227757784605,0.208297988115821,0.414600127738163,0.502325057880061,0.615438885646438,0.7646828154157
gene062,0.0797329822724914,0.043776183496646,0.325762637752005,0.134380614666964,0.893101609846282,0.938417547766601
gene063,307.224785211104,1.37551988873078,0.293282267950511,4.68907206753384,2.74446727848071e-06,8.0235308082642e-05
gene064,5.32292179895943,-0.436701374100392,0.527200948563331,-0.829156535345601,0.40701583617374,0.610842591568746
gene065,2.67920762607815,-0.149823769757138,0.531379490028657,-0.282205920686774,0.777785618707016,0.866725229814768
gene066,22.596086383822,-0.784073682813221,0.352950701340989,-2.21939181151653,0.0264600802579859,0.0806788950197483
gene067,32.2561184402162,-0.82005419792709,0.3165597726096,-2.58859368833593,0.00963687281226923,0.041289015411188
gene068,8.3355932901388,0.359713243327534,0.489301039634516,0.734869234832603,0.462419136575964,0.66095164494685
gene069,33.6529483526049,0.836659625522413,0.387367203863895,2.15831012219743,0.0309037282650774,0.0911461542154239
gene070,10.1005059388938,0.303127090164603,0.487702643513149,0.621492167138935,0.534275846612542,0.706837815051253
gene071,21.9212503845393,-0.938691743394212,0.37927588563305,-2.47161259959058,0.0134505185684878,0.0516246698466297
gene072,16.2716420899801,0.832982329913623,0.499758075917177,1.66751597341192,0.0954118508913026,0.216381438496856
gene073,3.20799584669778,-0.988814147498595,0.530346640905551,-1.8852506274892,,
gene074,289.73046498722,-0.0726186541973329,0.268241549290552,-0.27072132642094,0.786605373006063,0.868761934186696
gene075,21.9835020425634,-0.924749261701149,0.359561132377181,-2.568409698499,0.0102166326954814,0.0433988585440533
gene076,3.67264144813044,0.168716503389607,0.532257707552152,0.316907758665348,0.751313594685128,0.85221302115157
gene077,2.02979582003089,-0.377852177630029,0.525704326320514,-0.720613290776544,0.471147474262036,0.6671233467471
gene078,87.0114069520491,1.65613751825295,0.29990708701432,5.51424276581904,3.50284815645183e-08,1.74091553375656e-06
gene079,1.33456074991802,0.26290113660168,0.337645652697506,0.902432819920392,0.366826993311689,0.567953319862646
gene080,10.4207724727327,1.03416240284071,0.41977285090513,2.45249779456107,0.014186824907502,0.0530139246543497
gene081,5.63978311399239,-0.117560426194374,0.529859535844274,-0.221899526438003,0.824392099190274,0.896794449397883
gene082,26.455579112973,-1.08307804254042,0.376074025147772,-2.87530558169558,0.00403636640023424,0.0219290455854507
gene083,65.4823565665545,-0.494889371938149,0.340931059716163,-1.45144346686739,0.146656413508917,0.298586893008445
gene084,12.0117184025286,0.939258364686656,0.446587462359803,2.09785130296175,0.0359182829090757,0.103187205813934
gene085,32.9331783297489,1.64863484063096,0.428778137939633,3.83490150834434,0.000125614619961791,0.00152269429563439
gene086,15.4488248766215,-0.0927914136659511,0.418655171570579,-0.221609567679822,0.824617833752178,0.896794449397883
gene087,1.88926412255065,-1.10739467600072,0.515772854395037,-2.26494958755986,0.0235157732881762,0.0744416517466471
gene088,1.94657517071374,-1.04567984014356,0.531297189044955,-1.94801799164176,0.0514128104010401,0.135306300567798
gene089,7.59671441783828,-0.099882433614713,0.506139710671967,-0.197373067566848,0.843535604023026,0.903528437929836
gene090,30.726005400315,0.999971404332154,0.349853642068814,2.85435724747658,0.00431240075073291,0.0229644833826026
gene091,184.887115541872,-0.879645227507388,0.266340805363074,-3.30225298987078,0.000959115213377898,0.0075663533499812
gene092,2.41599972157049,0.0533168539844986,0.52706897939126,0.101188509942183,0.919400817639103,0.953950326443913
gene093,9.82589088434314,0.585299165549946,0.472093710667636,1.23825125400662,0.215622912277551,0.388277490586749
gene094,5.91753289873838,0.393200873620205,0.520508299731435,0.75541395231095,0.450000644242046,0.655265728329653
gene095,123.368207454858,2.19834797999329,0.323157227103205,6.78953338429963,1.12496798071855e-11,1.86369695472373e-09
gene096,2.1886186493935,-0.390319508279803,0.532049175729369,-0.73424547953163,0.462799139721335,0.66095164494685
gene097,69.1112165779981,1.30604783768522,0.326610789351841,3.99488219809718,6.47264279994203e-05,0.000953526608383472
gene098,1.44468295129489,0.183141536455798,0.490359040391959,0.374685389264229,0.70789445966292,0.836234964762232
gene099,21.3854357137472,-0.427074103864727,0.404693975957246,-1.05516978825965,0.291347678848427,0.482665987958894
gene100,6.19071375304995,0.435122221149231,0.517353456214013,0.84053925625859,0.400606100695616,0.607015951358905
gene101,9.28855128055688,0.00584635951360516,0.443636334485015,0.0131808122402989,0.989483537926345,0.992267483643494
gene102,13.4040269800762,0.406427725752164,0.491260716462922,0.82733401828692,0.408047767406084,0.610842591568746
gene103,153.86706172749,0.519107185824778,0.262881376209236,1.97456813854854,0.0483171777680605,0.131943062366627
gene104,35.6779735392679,-0.116670350602853,0.362290837628977,-0.322036763361223,0.747424843693233,0.851995750723708
gene105,76.1186424146633,1.18139145464654,0.277905682074146,4.24760932298501,2.16063740559014e-05,0.00042953471623132
gene106,0.973136495395563,-0.165837125040906,0.484726608154119,-0.342946325201355,0.731638840249399,0.847105235087777
gene107,21.1617636858651,-0.0345432943810962,0.436669357178307,-0.079101474581256,0.936951910644204,0.965714531538911
gene108,9.93000312110937,-0.802605244227915,0.446362144116006,-1.79491622503528,0.0726670484568234,0.173632322514621
gene109,22.4235037810473,0.244624578634761,0.350751694509327,0.69730998510769,0.485608820540337,0.676043652124783
gene110,165.8200699944,0.153628468988553,0.245275788405911,0.626343571387658,0.531089613127492,0.706837815051253
gene111,11.4330090237435,-1.12390592552635,0.441435260912342,-2.53634964383773,0.011201483277777,0.0448962676536706
gene112,5.587465777726,0.175188540381745,0.524477723202337,0.333898878200662,0.738455866323084,0.848340925650895
gene113,4.14806945298647,0.607555710427446,0.527835544606613,1.15144683171008,0.249548456713987,0.430644385371013
gene114,16.0553357832556,0.929290361795283,0.426364891384738,2.17589744123583,0.0295629301866899,0.0885107006191861
gene115,134.399369724066,0.0173939455949039,0.283521635622349,0.0613501538603602,0.951080348989548,0.972606858946101
gene116,279.242168137017,-0.861489579521571,0.25584787890852,-3.36690907926053,0.00076015745905264,0.00619341405162561
gene117,20.5197421143892,-1.45433999972885,0.392345052548652,-3.69132796736532,0.000223086260871196,0.00241030155767357
gene118,10.0023899968644,-0.244517931415538,0.465980717732066,-0.524714871659833,0.59978141744927,0.756577067188546
gene119,0.721398199099456,0.350812471519379,0.375737621557763,0.91172080139939,0.361915710904309,0.565087121458409
gene120,5.96029580894606,-0.384859534258619,0.513727225149304,-0.748979050484389,0.453869832353156,0.65593872670698
gene121,1.93642448734924,0.279566792599354,0.524195421040332,0.534536256142172,0.592970572174531,0.749888993309776
gene122,21.8389155091174,-1.09005888132414,0.403747924511133,-2.69531421394614,0.00703222818305997,0.0338948960056259
gene123,11.3037393369729,1.21019408709241,0.474392782981808,2.54121350310013,0.0110468439381107,0.0446364344491138
gene124,9.90366688158216,0.164073133549059,0.476136196234346,0.34462375164616,0.730377247249013,0.847105235087777
gene125,100.990721965403,0.113795625985492,0.267586218960809,0.42526094124616,0.67064646336454,0.812954371444333
gene126,13.2606568973022,0.662160635443741,0.422301678250267,1.56620567410657,0.117300474792569,0.250207450523206
gene127,5.28099936079997,-0.563224257171081,0.520872562872479,-1.08134667475452,0.279542932548305,0.469367694177391
gene128,11.0131511868872,0.790680714270936,0.49685410374679,1.59107456517305,0.111592795857358,0.240093591087043
gene129,10.613150768112,1.12400321484556,0.473429536268962,2.36577524348644,0.0179923635212925,0.0634198912771798
gene130,34.2815752899941,0.609823799912149,0.42831898820869,1.42330750611423,0.154647031992701,0.304998313096716
gene131,7.10149597629088,0.420705049796968,0.529051629346429,0.796043398119306,0.426006811314497,0.6315598791581
gene132,19.6836623563337,0.753643943800429,0.391029372977105,1.92501841329327,0.0542270546935823,0.141103906715761
gene133,29.5707782247455,0.949868256912433,0.32511993753487,2.91764669009796,0.00352683715777311,0.0203818379931771
gene134,7.1687643271392,-0.938704052962528,0.502462827768463,-1.86357402729237,0.0623815478437647,0.155797132052015
gene135,5.81921502034118,-0.638331769396076,0.503767958141412,-1.26553218586238,0.205680618182812,0.37723224633931
gene136,14.7639899398726,-0.409292173478606,0.434406671196837,-0.942039810534837,0.346172258169195,0.546645049375573
gene137,6.56316994889336,0.156008233867655,0.513177966651156,0.304504716747603,0.760743399817169,0.856459853139154
gene138,15.6182716364132,-0.998434144670166,0.4329014895825,-2.30231798252083,0.021317246447998,0.0697017860832568
gene139,22.3039505191835,0.616877747683415,0.425678153005005,1.44863398584488,0.147439824860904,0.298586893008445
gene140,17.1161027222635,1.238849369437,0.465598150535433,2.65510316949182,0.00792841560837434,0.0364853940496486
gene141,20.4221004913674,1.05237683744545,0.418174402402217,2.51177162598218,0.012012679940709,0.047383348655019
gene142,26.3139511926376,1.19627472938716,0.427280854403098,2.79572036780832,0.00517841844702436,0.0262531293167358
gene143,7.49948389619896,-1.1812111282459,0.476519510573236,-2.46392932803594,0.0137423204608082,0.0520692733593705
gene144,7.59049819004858,-0.223733668120784,0.481071068128744,-0.465057792535716,0.641890070607564,0.785761982985122
gene145,93.3264410719531,1.99608166055165,0.35091631348982,5.67793367822506,1.36331549672058e-08,7.52853113189034e-07
gene146,12.9369326462181,0.71025390204513,0.445415093265376,1.5922648895815,0.111325198450335,0.240093591087043
gene147,1.23507002670339,-1.0786730665139,0.483244193208025,-2.27224111595174,0.0230719511657736,0.0735208525370633
gene148,238.021401399395,-1.1223042292882,0.242861315623571,-4.62029862256618,3.83188112014118e-06,0.000100233942984746
gene149,9.47619124712028,-1.17374075116573,0.44733478003248,-2.60969038933766,0.00906242016803983,0.0402144894956768
gene150,27.9316670561132,1.28903502466265,0.373379880037244,3.4434569991579,0.00057432791776038,0.00528594398383165
gene151,24.4181067382049,0.203715217968525,0.42560656074929,0.478613414077621,0.632213673693089,0.779677905274107
gene152,12.8528733319483,0.0120336208947582,0.448342719730111,0.026839461907314,0.978587778494348,0.988532776243275
gene153,15.7203875411345,0.362287294630489,0.423556653892872,0.85502803974723,0.392535624991049,0.596606133396181
gene154,28.903388622793,-0.29466177022302,0.376811936275559,-0.781981876087361,0.434225224933105,0.640385569114994
gene155,0.481169176417349,0.240956698618622,0.361734925418975,0.618583392022861,0.536190845566801,0.706837815051253
gene156,29.6129270525738,1.00285208344538,0.380486596033218,2.63253840609871,0.00847494405779754,0.0379463711416701
gene157,6.28723022305246,0.0662268660377147,0.455199187557677,0.145506706020938,0.884310821460365,0.937105497368447
gene158,9.55825842854142,0.358696665476861,0.509373137791063,0.704152562613426,0.481337769320302,0.673314348819357
gene159,15.4067575626221,0.0217456068016613,0.41386420422922,0.052540220656228,0.958098248125119,0.976473058444652
gene160,30.5335844136657,1.07920159760875,0.374995611283342,2.87351638692978,0.00405930018885606,0.0219290455854507
gene161,36.5772755823458,0.0165736284783383,0.320758050768334,0.0516714985813744,0.95879044772835,0.976473058444652
gene162,30.3409156263354,0.114326629788493,0.396176557860024,0.288547210458732,0.772927897706267,0.863247562157337
gene163,19.3593588476881,0.535638350659823,0.439747334955572,1.21752247898738,0.223405489070699,0.399030949013296
gene164,0.57120635082296,0.0635294597306065,0.415919589522122,0.156647677470104,0.875522525171245,0.932277421870716
gene165,7.70608791841275,-0.115233606304043,0.475553141200161,-0.242391268278044,0.808476999586317,0.890938068280265
gene166,33.1761278242051,1.50058447877041,0.375888996608105,3.98070123554094,6.87122668966231e-05,0.000953526608383472
gene167,34.3484942231193,0.929198700599048,0.377124268396761,2.46166793819423,0.01382926374937,0.0520692733593705
gene168,22.9596846551089,0.656113510647883,0.404793279254495,1.61984153369947,0.105266321764849,0.230472959987357
gene169,37.7257641964675,-0.311299898098207,0.325461251695597,-0.956468424203198,0.338835629740915,0.538023348182859
gene170,0.965162487328224,-0.388536246472615,0.458940287434227,-0.862824220091451,0.388234120474052,0.592477362346632
gene171,20.7773489825129,-0.478879587354984,0.38278310003764,-1.25055326109857,0.211097511946253,0.381510776135591
gene172,24.5632827669002,0.490715500594745,0.363268025039664,1.35026792095971,0.176930058305972,0.334350718547788
gene173,7.75129851696795,-0.522636488678236,0.448926218421432,-1.16283723432472,0.244895547029865,0.427063462715238
gene174,13.8366108849314,-0.338340888088402,0.40821055246516,-0.828738984379618,0.407252121022114,0.610842591568746
gene175,146.053054945919,-0.601482110936772,0.265929050962054,-2.2616344594915,0.0237199971344885,0.0744623596436925
gene176,2.62722585939594,-1.51753228612005,0.532362621571131,-2.74219383680055,0.00610303148288695,0.0303320664699482
gene177,19.9886853288581,0.931686185835117,0.415065133882658,2.24122154839149,0.0250117277200412,0.0771665488952701
gene178,66.7253763035568,0.608284443640864,0.29896114543769,2.03427310035196,0.04192406776747,0.117057649890071
gene179,14.1372570793715,0.110656430327493,0.481591913713654,0.229845261861775,0.818212012235076,0.895707863614169
gene180,7.74804749761313,-0.907320901933363,0.506636132234179,-1.78937645852059,0.0735542080172716,0.174911202797053
gene181,12.4007099645249,-1.72232005468826,0.422305203116434,-4.02984371145955,5.58139497577252e-05,0.000894823646115787
gene182,1.73243174518275,0.400747338915451,0.490387874895428,0.829767575269559,0.4066702067087,0.610842591568746
gene183,13.7213261266751,0.737696730774594,0.449492226916486,1.63912458396378,0.101187316067784,0.223511538158616
gene184,40.7436311884101,-0.677437102098666,0.348127271441281,-1.94523607600831,0.0517465717416736,0.135358137661115
gene185,31.6878139189659,-0.384356408062894,0.347204369230682,-1.10685001481857,0.268358780065095,0.455202435810076
gene186,2.84702283752165,-1.20483011418765,0.528680554712567,-2.30364676582099,0.0212424803873984,0.0697017860832568
gene187,17.1827771747431,-0.230736509884079,0.378724979059299,-0.609210681093988,0.542384801426382,0.709382227128716
gene188,19.3066808147145,0.73705384220178,0.442533808522904,1.66447783955662,0.0960169759991799,0.216381438496856
gene189,20.5547660839654,-0.146716725737755,0.392228281195216,-0.374059565877447,0.70836000033179,0.836234964762232
gene190,61.0711588150846,0.709066846938638,0.362161247719318,1.95732362893515,0.0503094311390124,0.134428963849942
gene191,17.9175278857996,-0.741628166643123,0.407596434412955,-1.81785322212217,0.0690865695345052,0.166773698610372
gene192,1.4612321385676,-0.212687316450124,0.482107602280752,-0.443481586297344,0.657417435157765,0.802792297969064
gene193,1.87629159653955,-0.631057796538667,0.524774841360563,-1.20990676121722,0.226314672520755,0.400278975953079
gene194,3.28962201922678,-0.840018965692393,0.532176617960374,-1.58121921518509,0.113827923320892,0.243846887458979
gene195,3.2260499666092,0.0166695492816233,0.416831715275214,0.040001989057939,0.968091540524905,0.9839294389384
gene196,6.2736320014942,0.343985218592829,0.520792298446204,0.660270106801025,0.509080509802916,0.697005546479474
gene197,57.5558935555466,-0.342260369960235,0.287365162438185,-1.19094925089761,0.233673508228374,0.408928639399654
gene198,7.58963967651022,-1.95603070602173,0.506357285256301,-3.77566889607089,0.000159578851853939,0.00180251566753199
gene199,1.94509107272834,-0.197555857887427,0.51487903905582,-0.384526572561465,0.700588204881,0.834993615889345
gene200,1.89768209655414,-0.94495795399893,0.515278868765294,-1.87597982408365,0.0606580503993306,0.153030715982068
gene201,43.8469114997462,-0.584775209423882,0.316826285926245,-1.84525329724484,0.0650007007505784,0.159139646665209
gene202,116.83255455165,0.222827858058776,0.327737960252794,0.679888981650636,0.496574758804513,0.685549042016231
gene203,6.34824471928217,-0.91760713578001,0.518920401438677,-1.76754514279135,0.0771369758128532,0.181692307957289
gene204,140.119503699884,0.690074316860629,0.287027470148704,2.40392357012762,0.0162201640867328,0.0584160981964217
gene205,34.599510053534,-0.404842236238931,0.361564256543202,-1.11961155354033,0.262879330006141,0.447435024017301
gene206,228.434659549,-0.840829384913992,0.245316862421384,-3.42716531483556,0.000609917637190636,0.00541301903006689
gene207,3.60001131799948,-0.755926450758043,0.526526703333188,-1.43363052726191,0.151677727150043,0.301535321574285
gene208,16.3762865089865,-1.04153814677641,0.390514769352477,-2.6603486633801,0.00780597981516208,0.0362576819451921
gene209,45.4336842942797,-0.911798088875748,0.301066232481654,-3.02658520318425,0.00247333104474566,0.0153655691154824
gene210,15.397882579231,0.982350160023401,0.480877197613565,2.04141725205385,0.0412093710879229,0.1163696444926
gene211,14.9645833306147,0.422003786614987,0.463533929609786,0.910228922217706,0.362701794256001,0.565087121458409
gene212,8.22158654683362,-0.00581942275313627,0.477293896178556,-0.0121938335287643,0.990270969591897,0.992267483643494
gene213,8.06493517212815,-0.130318517380092,0.476067778628209,-0.273752231775417,0.78427503521271,0.868761934186696
gene214,89.6496403618074,0.872539606584273,0.330369707707455,2.64030547094407,0.00828313298274992,0.0377680467195111
gene215,50.0889795611002,1.88977986397741,0.412290177474443,4.57260751659115,4.8169191095404e-06,0.00011400041892579
gene216,9.59850339557268,0.799169556956005,0.479554649725458,1.66347243956547,0.0962179032350205,0.216381438496856
gene217,155.811392347093,1.45368123772755,0.364555969188615,3.98630869315544,6.71091898538143e-05,0.000953526608383472
gene218,43.4118094110159,-0.279739569272824,0.359401201612012,-0.778325192479085,0.436377327450735,0.641655419358033
gene219,0.967727859030017,-0.620858410188509,0.445585107402691,-1.4463453878577,0.148080351278647,0.298586893008445
gene220,4.46332897982916,-0.155963677549622,0.521705982478174,-0.298754837688167,0.765127112261136,0.856459853139154
gene221,3.53097918888479,-0.334899650227891,0.527421708328436,-0.634629317658718,0.525670202510305,0.706837815051253
gene222,56.5861025521511,-0.651506139150219,0.343762396881777,-1.89475869607713,0.0581243775551848,0.147386814514933
gene223,28.5776270753681,-1.07595654348496,0.363230386460431,-2.9578563471072,0.00309786454963996,0.018549863628567
gene224,8.35518041737531,-0.499371252508853,0.457606471955763,-1.09055579772313,0.275468388473735,0.46409420024219
gene225,10.3654483834725,0.767282421010851,0.466425653977584,1.64285592888682,0.100412745216736,0.222790778449633
gene226,2.90891597583787,-0.200373351361968,0.531967199286913,-0.376768294555365,0.706345804595299,0.836234964762232
gene227,139.268976894449,0.277210329308115,0.313190404573539,0.885121125317315,0.376091306790774,0.580488756133586
gene228,12.496357822139,0.952048554874001,0.487273451255397,1.95245673807651,0.0508840024416685,0.135237161569568
gene229,1.54344959019839,-0.293109090802012,0.50708962872647,-0.580584343233045,0.561520626951849,0.724001318519643
gene230,0.403620430462761,-0.0757433431879404,0.368908799826543,-0.202422161359841,0.839586704731539,0.901947717923948
gene231,24.3791353585844,-1.11708697041282,0.384950188703898,-2.89639616601263,0.00377475536429277,0.0208450379561501
gene232,9.21135902204911,-0.450488978734961,0.440066261639761,-1.02304167841236,0.306288140150722,0.502393418003
gene233,66.5857306682774,0.110122168250442,0.309595018810398,0.35568405632048,0.722077186448876,0.842423384190355
gene234,0.805976409763329,0.279868131427401,0.461666532332312,0.616088044605866,0.537836412157629,0.706837815051253
gene235,22.7721352226695,1.47673912745958,0.388336148062434,3.78690181847012,0.000152537336974552,0.00176304782503144
gene236,12.7375333626627,-1.34170226831261,0.460647055090144,-2.90056659431921,0.00372488679770173,0.020800772342222
gene237,53.3896297281891,0.0769335320122291,0.330301855641987,0.232928638907896,0.815816819379422,0.89505730514696
gene238,35.9572737082963,0.535844349791337,0.366866652858843,1.46025837048901,0.144219078566984,0.296185463007401
gene239,4.23420191625828,0.695336392728266,0.519500468256945,1.33588071366459,0.18158826571841,0.340563653064339
gene240,1.61465065419338,0.0811684910044922,0.520671426623478,0.156037920807652,0.876003130812121,0.932277421870716
gene241,3.76386247871241,0.690763330316695,0.531757560435915,1.30116078584603,0.193203424815273,0.359633341322812
gene242,6.09737769744748,0.558058973696978,0.525716295684114,1.06252043058243,0.287999488057654,0.480576034272321
gene243,17.7980099008303,0.877111870865948,0.457004230085077,1.9179946705808,0.055111686916002,0.142381396485559
gene244,139.602155893577,-0.276160453038504,0.320060204908569,-0.862827615903286,0.388232253129822,0.592477362346632
gene245,13.8111307876814,-0.863858593963692,0.410842625545372,-2.09866927827773,0.0358460646594611,0.103187205813934
gene246,15.6831200211668,0.582031269242604,0.471915534517002,1.2328155882755,0.217644574147161,0.390503080690032
gene247,2.05547730679244,-1.07376583403889,0.531007138974058,-2.00546062294544,0.0449138263408049,0.124012064952111
gene248,153.240399806596,1.30210833640946,0.252234927104416,5.15994733976193,2.47019313913967e-07,9.44373838578781e-06
gene249,13.8035120668766,-0.055488565268304,0.439971843605057,-0.126109656015072,0.899645124102776,0.94025538184734
gene250,70.7394263647381,0.891584046365175,0.289252994812951,3.08094453862346,0.00206345080064919,0.0134938822095085
gene251,25.3861759143206,-0.333679511833057,0.360738224898862,-0.924867650736403,0.355034755483994,0.558393270492231
gene252,6.5013307423516,1.20430784674671,0.516041579335434,2.32710576036323,0.0199596370083863,0.0679447917340272
gene253,6.58186875380836,-0.865326612825887,0.524450856925645,-1.6526297355249,0.0984062424922277,0.219317948514068
gene254,7.89464787020371,-0.00383146538727483,0.448836902281158,-0.00853721609006851,0.993188369832806,0.993188369832806
gene255,6.4903665500071,-0.727234606303603,0.517296817076801,-1.40612502129295,0.159687003624005,0.310017346879415
gene256,38.2402059668545,-0.453282168322481,0.391941594872516,-1.15630163587718,0.247557799457754,0.428731427724489
gene257,9.45369867944144,1.02180525833733,0.526008611363564,1.9506589033533,,
gene258,6.72429327400154,-0.207650289043207,0.508803790436219,-0.408191335097415,0.683133209116986,0.826075924406671
gene259,6.36286692372386,-0.957050370710251,0.499633177333973,-1.9090420693538,0.0562566648778381,0.144121455898379
gene260,20.7025544587443,0.245618493480589,0.390367533937357,0.629134648893952,0.529260908285411,0.706837815051253
gene261,40.5485230432854,0.969075849718855,0.4172628679502,2.32137952725989,0.0202663694747127,0.0679805356666904
gene262,21.2233851486533,-0.749434355292638,0.394746622105508,-1.8971291907172,0.057810889437312,0.147343651540226
gene263,59.3613615136863,-0.598450052620098,0.33966696731904,-1.76156915155894,0.0781421198083905,0.18319166766401
gene264,28.6794819182287,0.845110358510125,0.404385277381857,2.08823852566015,0.0367763236817903,0.105045016493389
gene265,7.93265384747689,1.16033895401491,0.504310742760138,2.29264462204989,0.02186847317341,0.0710368050142795
gene266,2.37183730151612,-0.898736366120509,0.531095189826854,-1.6956456056088,0.0899530154683651,0.20602142252432
gene267,34.4899165928718,0.586321500013822,0.335396389409361,1.74749905928888,0.0805508079421925,0.187951885198449
gene268,2.63609477966994,0.180917124560017,0.530117305254897,0.341259877617057,0.732907949874736,0.847105235087777
gene269,159.164107955856,-0.859445608898919,0.28823793884512,-2.98130311362008,0.00287024542762801,0.0173964875308673
gene270,8.62528268818227,-1.49113416313218,0.45996203816611,-3.20601734207953,0.00134585877036584,0.00998345983390783
gene271,29.4351102032856,-0.540414887574785,0.371320883891125,-1.45489463900591,0.145698432213201,0.297992266707658
gene272,13.2413054434235,-1.39288378017853,0.462841132011782,-2.99628704333609,0.00273289048466963,0.0167684761837136
gene273,15.3597562844041,-1.20490931598297,0.462682699883559,-2.59844490797095,0.00936470708435281,0.0411881364683482
gene274,20.5736481480245,-1.03997919317471,0.390061064325728,-2.66107652018872,0.00778912532042994,0.0362576819451921
gene275,72.1652472997851,-0.124469832440743,0.31919672189123,-0.389953375631373,0.696571023881149,0.834206744262485
gene276,18.5426386169061,-0.268896663124878,0.359093292015681,-0.748746678636172,0.454009903394771,0.65593872670698
gene277,87.0653429279999,1.22234627041192,0.291026552370518,4.19717964617761,2.70259551956782e-05,0.000508466674849476
gene278,92.9628664811906,-0.14292642836855,0.305939822781796,-0.467167399998172,0.640380115501293,0.785761982985122
gene279,10.3121499184767,-0.386186589882896,0.482324968414727,-0.800702656303081,0.423303804410422,0.631037707101278
gene280,14.7228529609266,-0.429753399359094,0.422013382711161,-1.01809172746331,0.308634366337666,0.50457657917704
gene281,0.170260807098134,-0.107022493336316,0.325762637752005,-0.328529060529617,0.742511675368489,0.848340925650895
gene282,0,,,,,
gene283,13.957726412002,0.986732728776797,0.424068537337673,2.3205224805768,0.0203126302488024,0.0679805356666904
gene284,49.0797531464038,0.174634739599702,0.284276689307754,0.614299902738454,0.539017166809708,0.706837815051253
gene285,116.377626572933,-1.33722645774404,0.280235083816641,-4.76908256586911,1.85066803162981e-06,6.13188007813345e-05
gene286,31.3301163263663,0.756655979591282,0.371647530206661,2.03468031473467,0.0418830501890051,0.117057649890071
gene287,16.5435465247378,-0.0263360600414702,0.397877336998046,-0.0661892086136726,0.947227188213511,0.970663737200237
gene288,12.4792052835741,-0.614461562790919,0.451968823396534,-1.35835687654067,0.174350470792777,0.330733526656527
gene289,120.408257150745,0.0243537804238976,0.266854780760407,0.0912616859787289,0.927284661062721,0.960125992808692
gene290,5.33102483757699,-0.390251079789447,0.506375522799971,-0.770333789975296,0.441101917419812,0.644787214581314
gene291,124.043075412064,-1.22581776289112,0.295811585090579,-4.14218912403407,3.44006484147938e-05,0.000589555940074224
gene292,38.4892724037771,0.895276700833209,0.351111649464258,2.54793355049444,0.0108363109785149,0.0441446439042781
gene293,0.812391285997846,-0.459014164886642,0.407874908221267,-1.138163070363,0.255052396060954,0.437107037387221
gene294,9.48845550984142,-0.403153524379715,0.507432730020307,-0.794387190315814,0.426970059149138,0.6315598791581
gene295,2.78414960324019,1.08411815576238,0.515071696150163,2.2016206408072,0.0276921166692446,0.083920621857406
gene296,33.2027749887621,0.282743995286256,0.382249671495222,0.739670124066569,0.459500180404831,0.660033496130639
gene297,11.8351435045598,0.0295959962653582,0.413638780030785,0.0715536377938866,0.942957137128061,0.968284498249269
gene298,67.4590606178154,1.24659712002978,0.297065657330265,4.19222700867494,2.76229380702935e-05,0.000508466674849476
gene299,108.153755161224,1.03603528110815,0.333897123576234,3.10192156740996,0.00192268892758826,0.0130900876302927
gene300,67.1167108324046,-0.894662694909282,0.317438684667702,-2.81725542836171,0.0048435988190208,0.0253396696110878
gene301,40.6397726180496,0.797618645355669,0.356009466476966,2.23904667869074,0.0251528791167681,0.0771665488952701
gene302,0.632673097614083,0.107849786974816,0.386062901091424,0.27495327768138,0.783352134259395,0.868761934186696
gene303,17.9155469946867,-0.292757041782727,0.401106809639423,-0.729797950092255,0.465513697689602,0.661570462767596
gene304,24.6433871790795,-0.952147929860675,0.371158423414912,-2.56218548072689,0.0104015751737572,0.0434461697627262
gene305,13.1953972554254,-1.32308691666689,0.431104472088337,-3.0538211693427,0.00225946724703287,0.0145838340490303
gene306,6.12492202974853,-0.48880437929373,0.509617148227685,-0.958646455498076,0.337736881137813,0.538023348182859
gene307,78.4550213020163,-0.558830648942989,0.273070941804394,-2.04621610530874,0.040735113479815,0.115687722282675
gene308,17.5981865618792,0.731685727875509,0.375218827762785,1.9476696099793,0.0514545086666273,0.135306300567798
gene309,20.7554410186442,-0.558340955088938,0.392928643750388,-1.42026198148775,0.155531425024287,0.305530111608975
gene310,5.68242850934748,-0.106954671769098,0.530459797605571,-0.201580031722271,0.840245057140419,0.901947717923948
gene311,2.50823224142973,-0.355021238952565,0.532393057918371,-0.66724032721982,0.504618635749908,0.692805143557195
gene312,6.54081188393383,-0.0602251124767591,0.487301865323005,-0.123611942847276,0.901622535990423,0.94025538184734
gene313,21.3319081967208,-0.169343019259231,0.420461152369193,-0.402715058423767,0.687157854835483,0.828925858867076
gene314,29.6465535005037,0.798145977961969,0.42880010682964,1.86045098158632,0.0628217474872049,0.156112042505704
gene315,19.912516016681,-1.01679226201811,0.397008478030078,-2.55645502244414,0.0105744740602136,0.0435347854236009
gene316,7.16160290163621,0.680860486641707,0.515160504412588,1.32114271232775,0.186453783634302,0.348374174685144
gene317,37.9395660270799,-1.48756578891868,0.357124193398123,-4.15575197071571,3.2421940453112e-05,0.000575489443042739
gene318,6.00098238400272,-0.863894826722659,0.501551162580948,-1.71790205361742,0.0858144821964371,0.197452766905691
gene319,25.2901582934973,-0.498863128986602,0.394088073162496,-1.26549471488727,0.205694041766505,0.37723224633931
gene320,63.9155784278292,0.892063133218589,0.261888289428415,3.40444443038578,0.000662987883028917,0.00568112030802365
gene321,121.469664967848,1.02218192729564,0.268664231045665,3.80331843725185,0.00014277064179789,0.00168945259460837
gene322,13.6219365561772,-0.553721255010232,0.44080876507368,-1.25532381523933,0.209361233206487,0.381144809170784
gene323,194.587183315553,1.90599219911083,0.290649746771156,6.55211098312835,5.6729353914954e-11,5.63889777914643e-09
gene324,17.5440143541217,-0.209077757247178,0.402458859597153,-0.519409595081524,0.603475141631597,0.759309228837731
gene325,3.37225449864223,-1.17750743143545,0.528791444322224,-2.27215802002388,0.0230769677983539,0.0735208525370633
gene326,0.475229310014752,0.113825454957561,0.359535944746399,0.304034548166542,0.761101570610106,0.856459853139154
gene327,39.5205994836629,-0.900530987140645,0.341569409675653,-2.63457209129394,0.00842434121079324,0.0379463711416701
gene328,45.5104914676077,0.757625264976525,0.386451810499828,1.95975738528827,0.0500241543052492,0.134389214538967
gene329,9.64820589618404,-1.12609501536412,0.486103932095752,-2.31071279478487,0.0208487240446662,0.0690787723346608
gene330,34.3252796475716,-0.709292153027692,0.328652241939846,-2.15715794129216,0.0309933602865325,0.0911461542154239
gene331,1.36042076629973,0.679355955321779,0.505000446787062,1.37702532776453,0.168504417327689,0.320868564796405
gene332,12.2412478013306,-0.176007909256062,0.477633973066756,-0.368496230032433,0.712503255689895,0.837149215314132
gene333,262.006258161406,0.755776606933288,0.245233523973731,3.08159403592777,0.00205895430984175,0.0134938822095085
gene334,72.4297207177452,2.52333263600463,0.379532724719296,6.61646163501497,3.67898295245019e-11,4.57113631841936e-09
gene335,8.11361098003442,0.0529160397693926,0.485839626877302,0.108915864641999,0.913269223339498,0.949570719664708
gene336,21.3888699729361,1.45352601866416,0.428290199234258,3.38188313328061,0.000719907644718856,0.00606430676991986
gene337,54.6637259018677,-0.222928007269528,0.339400779748451,-0.656809656554961,0.511303314301888,0.698125679142963
gene338,191.775415438122,0.90025358591932,0.291757197370011,3.08517425278447,0.00203432929100162,0.0134938822095085
gene339,21.1129021221543,-0.765029128777084,0.37896630389358,-2.01678722278041,0.0437177229095235,0.12138384517337
gene340,3.73363967774205,-1.33390709220435,0.529809643563815,-2.49314835700155,0.0126615930245889,0.0491625916657866
gene341,21.2819439738313,-1.03147622661852,0.431264074202349,-2.38880402495475,0.0169033162780336,0.0604384761883648
gene342,30.213704402673,-0.800084617706791,0.318734642590001,-2.50813057169966,0.0121371808316934,0.0474974714437135
gene343,46.3675288984947,0.282291497123411,0.374424360583737,0.753903445763293,0.450907201385797,0.655265728329653
gene344,12.5611305459509,0.471355682578792,0.478926534555623,0.983866949140808,0.325180936142577,0.528153350532224
gene345,62.401310387657,0.381950967179732,0.301743608632796,1.26569933505604,0.205620746490542,0.37723224633931
gene346,15.3333074889899,0.45648794749895,0.436706996186418,1.04502914558828,0.296009499260276,0.488759870871619
gene347,0.640849465932274,0.258157361306429,0.405787857621419,0.627020414292077,0.530645853660324,0.706837815051253
gene348,8.12776529674338,-0.064033268527998,0.439929221811186,-0.145555189455955,0.884272544765859,0.937105497368447
gene349,18.1494977181158,0.644970637849457,0.399134514490024,1.61435419722812,0.106450620598702,0.232043677357696
gene350,3.56060191460623,-1.14135866226027,0.52539199808413,-2.15303776595913,0.0313157105869815,0.0915524009513517
gene351,5.21074173664193,0.405867166547151,0.507408988516668,0.799366974564209,0.424077654269269,0.631037707101278
gene352,25.6930093368513,-2.49174551544577,0.396749572196606,-6.18085768632682,6.37542704818795e-10,4.52655320421344e-08
gene353,346.292659426624,-0.147266269689741,0.287918445546141,-0.511484946162653,0.609011526848251,0.760499318702464
gene354,4.50247515622083,-1.18434136589555,0.514119024344002,-2.28364746991353,0.0223922575719462,0.0722659221640081
gene355,41.9220581292548,1.00700408120921,0.352740984821138,2.85208246055858,0.00434338317497916,0.0229644833826026
gene356,7.88202292957054,-0.0385777320842432,0.500090346232613,-0.0771410899725438,0.938511305298378,0.965714531538911
gene357,13.049158446319,0.0812393195619884,0.454364271930829,0.178810053059591,0.858086851306118,0.917137989460518
gene358,21.4217534398948,1.03782494155562,0.399861693713545,2.59065930321333,0.0095792274273239,0.041289015411188
gene359,2.43726290907333,-0.737166221766154,0.532383938077946,-1.38451973494263,0.166199369536428,0.318923114515848
gene360,95.0708835816749,-1.21511572319074,0.37693921781715,-3.22270872040635,0.00126984612417906,0.00970943882641526
gene361,25.4735084358566,0.551985887731762,0.396082589072679,1.39321676758356,0.16355425079505,0.315063808702093
gene362,25.8020098336946,-0.454467053863319,0.39821446009659,-1.14111799965237,0.253820821843126,0.436501551750981
gene363,138.737789016625,0.898129234070996,0.221507348499142,4.05361272253819,5.04326815138111e-05,0.000835501423745471
gene364,52.5095513875287,1.43843114457821,0.366429927886992,3.91999763747297,8.85498366796444e-05,0.00115813865341535
gene365,56.8914618681792,-1.05078718017016,0.346356793455804,-3.03189350537975,0.00243024927033633,0.0152890365488248
gene366,103.96370126095,0.95730634466724,0.264594791847811,3.6166558434646,0.00029843366998959,0.00309003195801721
gene367,25.9145274331086,0.649986540766584,0.372875383385591,1.74192020965984,0.0815224070882184,0.188449471269044
gene368,8.09794552214107,-0.759186496365504,0.499550036733038,-1.51865999707511,0.128848100711113,0.270200447482799
gene369,5.63514473529906,-1.12797231914265,0.49676418422123,-2.25546974658475,0.0241038591627033,0.074872612524147
gene370,92.9720528577877,0.578129217808957,0.289293539715406,1.99815159797168,0.0457002271914558,0.125486259194218
gene371,2.52981936250062,-0.487188097998621,0.531572411613407,-0.916574101115201,0.359365860908825,0.563422185715098
gene372,11.4942485406726,0.145303062166721,0.456352880545618,0.318399556782929,0.750181874431415,0.85221302115157
gene373,14.8668845953343,-0.60814887597554,0.471557555978194,-1.28892207430186,0.197425179003452,0.366120574495207
gene374,16.4196483611132,1.40025174122244,0.418905368750172,3.3260152546006,0.000880971070614024,0.00706197777572854
gene375,7.70226994130869,-1.82202047465027,0.460209521862751,-3.86589189343279,0.00011068396150745,0.00137524822173006
gene376,20.9965076467293,-1.42544695081914,0.445783113963175,-3.18943480222619,0.00142551290403425,0.0102678248305075
gene377,45.0915225150536,-1.18763655837191,0.337044943256107,-3.51974834128492,0.000431956439411579,0.0042936470077511
gene378,66.2039173953519,1.34656672133621,0.371399881085421,3.62246947941941,0.000291803899259974,0.00308567101983419
gene379,10.4461877833731,0.935928379062744,0.487553716962153,1.91658272156461,0.0552909648324201,0.142381396485559
gene380,7.02816522168902,0.737417729611021,0.522938607241215,1.41206287092454,0.157931449980296,0.309023348977193
gene381,97.4426532306689,0.402944616460899,0.279208835413857,1.44309732328229,0.148993057275844,0.298586893008445
gene382,3.17328247332479,-0.272325776869647,0.531834798115242,-0.512846883124129,0.608058431613563,0.760499318702464
gene383,5.66500022266635,0.311162957677531,0.502185642759429,0.619256421274126,0.535747448135943,0.706837815051253
gene384,9.89329458348942,1.44112825869083,0.446083453435378,3.19856153615564,0.00138115053299745,0.0100945855132314
gene385,6.95256788843185,-1.52148308016346,0.483416221973942,-3.10457650671745,0.00190551639847088,0.0130900876302927
gene386,25.0626568000367,-0.329702240884527,0.342686475880584,-0.961971126330806,0.336064108024568,0.538023348182859
gene387,44.5483674084485,-0.666289774614297,0.368084513225607,-1.80972461985082,0.0703385026046801,0.16888036615713
gene388,17.4401299802388,1.51102492413837,0.484171361058715,3.11471100590789,0.00184125209970602,0.0128887646979421
gene389,11.9942146005634,-0.158406336204405,0.451746896810841,-0.350634899554782,0.725862270758908,0.844856085637417
gene390,34.2775928193714,0.585547489123176,0.393805929459632,1.4863499655358,0.137186576897875,0.285279199657925
gene391,900.822477896576,1.5805297829727,0.256580355241284,6.15938425863085,7.30283312901153e-10,4.53688508139841e-08
gene392,371.857107337623,-0.152298004429201,0.242463705174508,-0.62812392535796,0.529922760941266,0.706837815051253
gene393,32.9113317592676,0.874844446117182,0.372378315054071,2.34743585318698,0.0189031277916463,0.0658837871588838
gene394,79.1777473315805,1.07020279648067,0.343251413367441,3.11639919449065,0.00183074260318863,0.0128887646979421
gene395,191.243480777972,0.773637765667369,0.220632633334303,3.50601484433455,0.00045486985065995,0.00443275128976461
gene396,88.6829666251721,0.744574892431783,0.265364493165962,2.80515854474121,0.0050291835449314,0.0257680847611433
gene397,0.159803227844844,-0.00648996074136882,0.325762637752005,-0.0199223606063426,0.984105307499513,0.991997770110085
gene398,19.1581638151618,0.156875455385278,0.43359083034412,0.361815138015344,0.717490179000017,0.839041456383549
gene399,35.7330622774007,0.950954013579137,0.384628347829759,2.47020843212245,0.0135034347687361,0.0516246698466297
gene400,1.30003283477735,-0.152269831897589,0.508324222502597,-0.300051120840778,0.764138162189542,0.856459853139154
gene401,82.8157992116501,0.653211168124092,0.280071743602897,2.3318189602859,0.01971021715224,0.0675584684459537
gene402,16.9128557335191,-0.44309424362409,0.461435045883361,-0.959976191139422,0.337067197800682,0.538023348182859
gene403,47.9231198799849,1.68792150535215,0.320812330998716,5.24593920147318,1.55488175488799e-07,6.6002740416139e-06
gene404,25.2325936818275,0.612042738740272,0.443195220978034,1.38058701498161,0.167405978126143,0.32000296587959
gene405,60.5884612021042,-1.16106350493083,0.314063931651517,-3.69394928877987,0.000220797853573216,0.00241030155767357
gene406,47.2751586192784,0.185953859450025,0.29886303091222,0.62218354073551,0.533821187554423,0.706837815051253
gene407,4.7648164859291,-0.0650645281834277,0.521830591853103,-0.124713940977017,0.900750020269622,0.94025538184734
gene408,116.260253288148,-0.711698994324902,0.283149805829023,-2.51315499373488,0.0119656751590017,0.047383348655019
gene409,0.874298180733906,0.406842473833545,0.43611460339511,0.969330082825614,0.332380524390151,0.53634130072047
gene410,15.0658409790614,-0.301263580286824,0.389215556945622,-0.773878569748939,0.439002603693371,0.643611486830694
gene411,56.9953262096437,-0.822667805745644,0.32096757229989,-2.56215113113741,0.010402604027695,0.0434461697627262
gene412,152.459267797087,-1.17937737313819,0.265458672963774,-4.44131985186097,8.94087806362479e-06,0.000193200712940066
gene413,2.69900300553413,-0.832565872053517,0.528417984290682,-1.59114340295428,0.111577306587947,0.240093591087043
gene414,9.41842431680877,0.249210749981564,0.494933457310129,0.503543335184578,0.614582320571598,0.7646828154157
gene415,33.2934861204953,1.0642599647871,0.36622939166634,2.90253714767926,0.00370153257308837,0.020800772342222
gene416,11.6278970670818,-0.324974320405619,0.462448520288537,-0.702618423654747,0.482293577826341,0.673314348819357
gene417,27.5681546177232,-0.955800528146755,0.354108000086918,-2.69591558404822,0.00701954534868246,0.0338948960056259
gene418,32.2112720796029,-0.845243352648744,0.373765922409282,-2.25998853933393,0.0238219621395314,0.0744623596436925
gene419,27.7753667259728,-2.68683416554078,0.35631237439626,-7.38631018227555,1.50959400223928e-13,3.7513410955646e-11
gene420,0.488790798838335,-0.157169748134058,0.383722092581345,-0.393179171223025,0.694187152440311,0.833359939040664
gene421,0.954509302778277,0.675637490103837,0.461445622485712,1.49867821735837,0.133957130303878,0.279734007399276
gene422,220.321306594233,1.1362051024508,0.317299222249202,3.58024262020985,0.000343275323633513,0.00348179256828278
gene423,0.487956258191622,-0.00845264554229533,0.362600070790417,-0.0300042717878369,0.976063646311863,0.987991104311601
gene424,0.564441633899703,-0.0967467834814002,0.430834069667347,-0.227347338305448,0.820153666019315,0.895860158267252
gene425,5.7165272147835,-0.814056690868825,0.524102323946468,-1.55379431699445,0.120233486569148,0.255367704379772
gene426,156.521998089298,-0.129650830821083,0.260807758113077,-0.497115802822813,0.619107391324878,0.767322627153278
gene427,44.0220178619061,-2.67690130605867,0.316462191587707,-8.35681302755778,6.44353034071181e-17,3.20243457933377e-14
gene428,9.32717648266194,-1.02657626084853,0.481357142091922,-2.12665168411166,0.033449034761645,0.0972173700382315
gene429,14.8494613716494,-0.261693029240077,0.431305754681923,-0.606617424366847,0.544104834006149,0.709764048559202
gene430,1.54501662610892,0.138895387012676,0.511978931278195,0.271968913926491,0.78564592179098,0.868761934186696
gene431,4.82041721314201,-0.188598128005054,0.521461933254718,-0.361964887227317,0.7173782697326,0.839041456383549
gene432,2.17540086050564,0.154596976339743,0.49213742992496,0.315002718093239,0.752759590111749,0.85221302115157
gene433,9.57587280927323,0.240536058222076,0.508627475298119,0.472946432454621,0.636251396933767,0.782715208604164
gene434,9.35779263844882,-0.427128176216563,0.495328820008766,-0.862109975918865,0.388627002263585,0.592477362346632
gene435,2.43031471939296,-0.614772875394509,0.532136562349789,-1.15625393767375,0.24757730333386,0.428731427724489
gene436,2.63802317618292,-0.336331899803686,0.532368970763457,-0.631499247694804,0.527714140975354,0.706837815051253
gene437,5.63421119045629,-0.361584381590538,0.508129077997623,-0.711313904834878,0.476889736924026,0.673314348819357
gene438,5.67609102220991,-0.703747149195151,0.52216994605266,-1.34802711066988,0.177649663071997,0.334438949040843
gene439,14.3873055986985,-1.42965851574018,0.406385287137155,-3.49662228211494,0.000471188483846672,0.00450347454753454
gene440,9.11657101964769,0.91432855993251,0.526917662645735,1.74324724835522,0.0812904354849555,0.188449471269044
gene441,29.3166561924534,-1.35166282528484,0.337740499290199,-3.99149813269089,6.56572054989966e-05,0.000953526608383472
gene442,13.9455273805103,0.531934488824305,0.473509991417933,1.12333546334411,0.261295047669939,0.446266799628727
gene443,4.0713863595144,0.359768064362593,0.529236748446276,0.681764504469397,0.495387872296119,0.685549042016231
gene444,68.0159604479137,0.977162095614096,0.289865128114179,3.3691643182273,0.000753964664448268,0.00619341405162561
gene445,47.5902753073541,0.387822867493329,0.262963313388119,1.4746203074268,0.140314652136226,0.289362581376365
gene446,14.4680359493428,0.335124679038083,0.451014682774102,0.742834094486175,0.457582130844942,0.659183533420105
gene447,9.20670351420366,1.14918053223721,0.487959016407086,2.34638525394556,0.0189565021402825,0.0658837871588838
gene448,15.0251479636922,2.26333343959231,0.485042529622593,4.58796943888597,4.47578139660566e-06,0.000111223167705651
gene449,59.9051438384787,1.35780868837359,0.341360050076497,3.97295356948588,7.09868903625522e-05,0.000953526608383472
gene450,401.845777069143,-0.461688967870292,0.259700446742302,-1.77775037268408,0.0754448624968909,0.178552841242642
gene451,524.680750344975,0.397816785051022,0.257139053254757,1.54706790072876,0.121846873224952,0.257693174437452
gene452,85.8520995219669,0.278428755871179,0.317347157900147,0.87732491184896,0.380310184893537,0.585183163752594
gene453,403.869603104568,-0.44361222455369,0.244062747432127,-1.81759852708375,0.0691255169290474,0.166773698610372
gene454,19.3948070007945,0.952899767475814,0.390715314752475,2.43432335399373,0.0149196601863902,0.0549264526861921
gene455,0.40763476212451,-0.0761210845077109,0.369678035412203,-0.206490305442026,0.836407936710659,0.901723957798693
gene456,25.9514009208925,-1.7115263474493,0.428580895300043,-3.97747126739838,6.96520360175736e-05,0.000953526608383472
gene457,7.73762330218614,0.0965190977482098,0.456410282496065,0.211490638064284,0.832504436747716,0.901426372687614
gene458,16.1676911086175,-0.625014025280713,0.432367196618603,-1.44474229397627,0.148530285313587,0.298586893008445
gene459,17.6767708897235,0.0393839644635761,0.481795983488097,0.0817427777661908,0.934851260424196,0.965714531538911
gene460,122.032652405028,1.12952357762719,0.330875137382661,3.41264732205464,0.000643351425132455,0.0056095729524707
gene461,15.802999757158,-0.532697646145468,0.377701562492746,-1.40947316770953,0.158695302154542,0.309300255571793
gene462,34.6664460912122,0.218198270427596,0.349863739780131,0.623613582442529,0.532881388411426,0.706837815051253
gene463,158.092955106877,-0.456941205855789,0.271068847055083,-1.68563545777107,0.091866035313656,0.209437704361867
gene464,10.2453966301918,0.5039118103133,0.530388844963404,0.95690358426507,0.338615921934027,0.538023348182859
gene465,1.87519244870423,-0.737632001886075,0.521891976174587,-1.42640373163568,0.153751837176387,0.304440888751651
gene466,7.34338518863406,-0.601402776819206,0.494110838626292,-1.21595178546269,0.22400328928513,0.399030949013296
gene467,52.6159162066818,-0.42746183671561,0.288542869442766,-1.48127219245376,0.138534055407159,0.286880939738991
gene468,51.1014998994679,-0.812900433665033,0.336278031640602,-2.41629053151127,0.0156795449224912,0.0568812688064095
gene469,129.378081543555,-0.669774165287342,0.229286827842404,-2.92079675809562,0.00349137509970067,0.0203818379931771
gene470,29.5267370024841,-1.13428101626426,0.390160629996812,-2.9033941310142,0.00369141754147897,0.020800772342222
gene471,7.94485004765913,-0.272399200591252,0.453282152543606,-0.600955497907799,0.547869627276033,0.710943093358194
gene472,155.987417125436,-0.150856207528851,0.273205347679841,-0.552175070216589,0.580828412810128,0.740183900427266
gene473,12.8058116314031,-2.11063586503703,0.457207984874254,-4.52989299003913,5.90135686680438e-06,0.00013331701649099
gene474,60.8183587667169,0.490671670775259,0.350645376241167,1.39914030037056,0.161770914716952,0.312841029627725
gene475,73.8690624209805,-0.68502011854164,0.315135200634004,-2.17332406353089,0.0297559356143569,0.0885550898223675
gene476,3.58463188267866,0.202454412817996,0.532295302579082,0.380243354031715,0.703764779919808,0.836234964762232
gene477,2.69016732397265,-0.37315763197935,0.529889714615092,-0.704474785127372,0.481137147405955,0.673314348819357
gene478,5.20716208134274,-1.43319313625805,0.522779397498604,-2.71890144986789,0.00654991197667422,0.0322307549743276
gene479,23.5631552343998,-0.469521372639453,0.392683450939707,-1.19531094034687,0.231965566904228,0.40737415813216
gene480,43.313392866832,-0.348752642074057,0.357403176158291,-0.97575720399507,0.32918479707253,0.532914801775398
gene481,6.47339603102732,-0.658961522708366,0.52768390478051,-1.25174161209666,0.210664031956335,0.381510776135591
gene482,5.07973796294759,0.965296515049993,0.53174011519181,1.8262305199609,0.0678155459476005,0.165217285960576
gene483,31.3359250893008,-0.963919307515799,0.371853668170323,-2.58949947591325,0.00961155691480817,0.041289015411188
gene484,12.1333474665214,-0.219139867553187,0.450338377706415,-0.486524868822245,0.626595077553153,0.774671028716212
gene485,126.57379138248,0.206873344205047,0.283702547094795,0.729174884838571,0.465894692089856,0.661570462767596
gene486,44.2646454747268,0.72799591160662,0.333157188800747,2.18410318360639,0.0289546668114202,0.0872149660925808
gene487,2.26338378479533,0.0756779705206657,0.532385227358398,0.142230613710343,0.88689785135072,0.937318392923564
gene488,57.1491369417602,-0.098244332703263,0.324512018568927,-0.302737603252889,0.762089838435693,0.856459853139154
gene489,154.608503299159,1.52421714020351,0.323260006629654,4.71269926686034,2.44456837531711e-06,7.59344051582878e-05
gene490,4.67037778374568,-0.543108660600586,0.532393759721205,-1.02361027138009,0.306019391796933,0.502393418003
gene491,29.0950319381679,1.38466717973943,0.402394406425792,3.43290899840551,0.000597142485406515,0.00539599664085524
gene492,3.40212019737438,-0.481277125011277,0.531783564128093,-0.905561451705133,0.365168019971065,0.56715158101756
gene493,6.66509023603809,0.169084936234805,0.506132835858784,0.334050419995819,0.738341512131457,0.848340925650895
gene494,112.921798873651,1.70655206769262,0.26212389227404,6.50232468865629,7.90881655244803e-11,6.55113637761112e-09
gene495,14.4503003329272,1.54228055727949,0.478632727655993,3.20842616365088,0.00133463573787784,0.00998345983390783
gene496,11.5359920939153,1.22931211956032,0.503209219765994,2.44159295183162,0.0146226234548764,0.0542346556498027
gene497,48.3315200064644,-1.98100951523875,0.376639588199064,-5.24140009356701,1.59362753519853e-07,6.6002740416139e-06
gene498,17.7966865975407,-1.1314648514188,0.385566389991665,-2.92647191631914,0.00342830456932399,0.0202841353685003
gene499,26.6716877739208,-0.808962386492822,0.409965505691661,-1.97186423772402,0.0486251067645211,0.131996479296088
gene500,13.9653766445978,1.31761160669012,0.488376332020688,2.69246045940878,0.00709269453638851,0.0338948960056259
